{"cameraMode":{"drawMode":0,"name":"Shaded","section":"Shading Mode"},"sceneLighting":false,"audioPlay":false,"sceneViewState":{"showFog":true,"showMaterialUpdate":false,"showSkybox":false,"showFlares":true,"showImageEffects":true,"showParticleSystems":true},"in2DMode":false,"pivot":{"x":8.199999809265137,"y":20.299999237060548,"z":0.30000001192092898},"rotation":{"x":0.28089308738708498,"y":0.216441810131073,"z":-0.06515125185251236,"w":0.9327723979949951},"size":0.4330126941204071,"orthographic":false}